"10mm Malachite, 7 Days, Agate, Green Jade, Rose Quartz",eletshop,http://eletshop.multiply.com/products/listing/10293/10mm_MALACHITE_7_DAYS_AGATE_GREEN_JADE_ROSE_QUARTZ,http://multiply.com/mu/eletshop/image/Gl2rO+k3YjIQqLduLTkJpw/photos/1M/800x800/1547/Copy-of-DSC00508.jpg?et=PScPZ7KCEW7vkoUO0iteJQ&nmid=0
NYX High Definition Studio Photogenic Grinding Powder,digitaltraincase,http://digitaltraincase.multiply.com/products/listing/10173/NYX_High_Definition_Studio_Photogenic_Grinding_Powder,http://multiply.com/mu/digitaltraincase/image/ZjcmDHee7zJ2FgKruZRAgg/photos/1M/1200x1200/8109/HDGP-aa.jpg?et=D4f3GiWpNLiTr1n0sebWtA&nmid=0
BN Blushes 10g Sifter Jar Joppa Minerals,letsfaceminerals,http://letsfaceminerals.multiply.com/products/listing/10031/BN_BLUSHES_10g_Sifter_Jar_JOPPA_MINERALS,http://multiply.com/mu/letsfaceminerals/image/UDY7wpYYaFwUjmHOOieeOg/photos/100M/1200x1200/1216/album-blush.png?et=rNL8zLqpJk2Rvz7DSd%2C8DQ&nmid=0
PWS Ravenclaw Shirts for Women; Earth Collection,1stopbiz,http://1stopbiz.multiply.com/products/listing/10506/PWS_Ravenclaw_Shirts_for_Women_On_Hand,
“Ika Na Sige!” T-Shirt for Men,grafikapampangan,http://grafikapampangan.multiply.com/products/listing/10029/ika_na_sige_Special_Pre-order_price_of_P249_for_men,http://multiply.com/mu/grafikapampangan/image/bHMEK7kiHaVQzLyllTVscQ/photos/1M/orig/116/ika-na-sige-black.jpg?et=AmLD1TxfQmv%2C2z4iDsxz6w&nmid=0
Angry Birds Cellphone Digicam Pouch,alvinmaricriss,http://alvinmaricriss.multiply.com/products/listing/10835/Angry_Birds_Cellphone_Digicam_Pouch,http://multiply.com/mu/alvinmaricriss/image/UNOfdmRCIfrVhuS07vH9hg/photos/1M/800x800/22582/image-3AAB.jpg?et=Wwr28vOLZtVVTUFy38HTpQ&nmid=0
Daisy Hair Bows for Babies and Tots,babystoreandmore,http://babystoreandmore.multiply.com/products/listing/10016/Daisy_Hair_Bows_for_Babies_and_Tots,http://multiply.com/mu/babystoreandmore/image/fPqC61ShsWDA7Xzjtxu2fg/photos/1M/1200x1200/213/Daisy-Girl-Summer-Style-Baby-Headband.jpg?et=pBCMspCIVBBKsj7SLFjUVw&nmid=0
Next9/R’ Jellybean Ring Slings,mommymatters,http://mommymatters.multiply.com/products/listing/10019/Next9RJellybean_Ring_Slings,
Forever21 Colorful Bangles,houseofflair,http://houseofflair.multiply.com/products/listing/10012/Forever21_Colorful_Bangles,http://multiply.com/mu/houseofflair/image/t15hG-6fiHvKwD20EQib6w/photos/1M/1200x1200/2877/Colorful-Bangles.jpg?et=aKMTnlG%2B9z7qFXflKMl6FA&nmid=0
Ellana 5-pc Brush Set,ellanaminerals,http://ellanaminerals.multiply.com/products/listing/10010/Ellana_5-PC_Brush_Set,http://multiply.com/mu/ellanaminerals/image/pIFWH2OjSErDSwXdSIh2ug/photos/1M/1200x1200/269/ellana-brush-set-1.jpg?et=DwmmsrBkcDNwfKF2%2BOYY%2BA&nmid=0
,,http://mommymatters.multiply.com/products/listing/10009/Eco-friendly_Collection_-_HOV_Shirred_SL_Dress,
,,http://houseofflair.multiply.com/products/listing/10005/Jessica_McClintock_Perfume_Watch_Gift_Set,
