Canon EOS 600D Kit 18-55mm,Jeptall,http://jeptall.multiply.com/products/listing/10783/CANON_EOS_600d_18-55mm_BRAND_NEW_41700_PESOS,http://multiply.com/mu/jeptall/image/ED9AjOOYVCljfuz8dIDkPg/photos/1M/1200x1200/742/600d.jpg?et=I0W5A%2C2RbKbcnEZ%2BM%2CA54w&nmid=0
Canon EOS 7D Body,Jeptall,http://jeptall.multiply.com/products/listing/10782/CANON_EOS_7D_BODY_70000_PESOS,http://multiply.com/mu/jeptall/image/bHFI12y9i7BvkE3c9c+HeA/photos/1M/1200x1200/743/7d.jpg?et=qiRLNaCKbVu3INTdQ%2BwUnw&nmid=0
Panasonic LX5,Jeptall,http://jeptall.multiply.com/products/listing/10778/PANASONIC_LX5_BRAND_NEW_18600PESOS,http://multiply.com/mu/jeptall/image/F3yeVqv61UkjB1va3x-Ehg/photos/1M/1200x1200/597/panalx5.jpg?et=6dl2gAFALT2P4qmNU9E2ag&nmid=0
Nikon D7000 Kit 18-105mm,Jeptall,http://jeptall.multiply.com/products/listing/10774/NIKON_D7000_18-105_BRAND_NEW_60000PESOS,http://multiply.com/mu/jeptall/image/zWotMbpPGrC2BwveTYipxw/photos/1M/1200x1200/652/nikond7000.jpg?et=JLsHnpNeQVHELxUos6yWBw&nmid=0
Nikon D5000 Kit 18-55mm,Jeptall,http://jeptall.multiply.com/products/listing/10771/NIKON_D5000_18-55_BRAND_NEW_29500PESOS,http://multiply.com/mu/jeptall/image/iIfty5UzSzwT5gCKrimL3A/photos/1M/1200x1200/494/nikond5000.jpg?et=QLRHQ55R4dhDAo0MQX6Ymw&nmid=0
Canon 28-135mm F3.5-5.6 IS,Jeptall,http://jeptall.multiply.com/products/listing/10749/CANON_28-135_F3.55.6IS_BRAND_NEW_18500PESOS,http://multiply.com/mu/jeptall/image/MRtJxHuEEejvdBAtac60nA/photos/1M/1200x1200/592/CANON28135.jpg?et=i%2CtoJQJtVJjlOadmVBmMYA&nmid=0
Nikon SB-900 Flash Speedlight,Jeptall,http://jeptall.multiply.com/products/listing/10742/NIKON_SB900_FLASH_SPEEDLIGHT_BRAND_NEW_22000_PESOS,http://multiply.com/mu/jeptall/image/IXvV-s83usRarVTxz-kouQ/photos/1M/orig/739/900.jpg?et=h614UYo%2CVCTmjpFtpyC4HA&nmid=0
Panasonic GF2 Kit 14-42mm,Jeptall,http://jeptall.multiply.com/products/listing/10777/PANASONIC_GF2_14MM_14-42MM_BRAND_NEW_38000PESOS,http://multiply.com/mu/jeptall/image/mbhpNggR2sqvoUNwg+Z9yQ/photos/1M/1200x1200/728/PANASONICGF2TWIN.jpg?et=xs8nUv3%2BdPyor0%2B%2B0kQstg&nmid=0
Blackberry Torch 9800,eBuy Store,http://ebuystorecomph.multiply.com/products/listing/10088/Blackberry_Torch_9800_NEW_SEALED_W_2GB_ORIGINAL_MICRO_SD_FREE,http://multiply.com/mu/ebuystorecomph/image/Oj4C4ZGGbHh8aKrr2NcdAA/photos/1M/1200x1200/304/blackberry-torch-9800.jpg?et=Kgu%2Cnl3BdYBibz9pgSS0RA&nmid=0
HTC Desire HD A9191,eBuy Store,http://ebuystorecomph.multiply.com/products/listing/10182/Desire_HD_A9191_1_Yr_Official_Warranty_NEW_SEALED_ORIGINAL_MICRO_SD_CARD,http://multiply.com/mu/ebuystorecomph/image/sFsC8pmo3yGvj-hF3pzc2A/photos/1M/1200x1200/421/desire-hd-.jpg?et=gwm9raS0S4Zi4C%2CzbgSHsQ&nmid=0
Google Nexus 1,eBuy Store,http://ebuystorecomph.multiply.com/products/listing/10175/Google_Nexus_1_NEW_SEALED_ORIGINAL_MICRO_SD_CARD,http://multiply.com/mu/ebuystorecomph/image/OGhl+idaU7vyZWCtXEvNCg/photos/1M/1200x1200/414/google-nexus-1.jpg?et=vWP8GaMyMKpW4MQiV3wz8A&nmid=0
Samsung S8500 Wave,eBuy Store,http://ebuystorecomph.multiply.com/products/listing/10173/Samsung_S8500_Wave_1_Yr_Official_Warranty_NEW_SEALED_ORIGINAL_MICRO_SD_CARD,http://multiply.com/mu/ebuystorecomph/image/v3z0zzUWmwJHtZ8vRHzxNg/photos/1M/1200x1200/412/samsung-s8500-wave-1-yr-official-warranty.jpg?et=OuTVqLyJK2sVlt2atgX5Sg&nmid=0
Blackberry 3G Curve 9300,eBuy Store,http://ebuystorecomph.multiply.com/products/listing/10087/Blackberry_3G_Curve_9300_NEW_SEALED_W_2GB_ORIGINAL_MICRO_SD_FREE,http://multiply.com/mu/ebuystorecomph/image/YL7f3gAT6Di3nqNQEA7Ktw/photos/1M/1200x1200/303/blackberry-3g-curve-9300.jpg?et=OvQEvuq7qi1AHoiVv7uyFg&nmid=0
Apple iPhone 4 White 16GB,Game Zone Online,http://gamezoneonline.multiply.com/products/listing/10026/Apple_iPhone_4_White_16GB_Unlocked_Brand_New,http://multiply.com/mu/gamezoneonline/image/ukQakBrYyYFJdMy1AnigAA/photos/1M/1200x1200/553/iphone-4-white-2.jpg?et=%2BW%2Cik3ZvtvsCg1sntJWqiQ&nmid=0
Applie iPod Touch 8GB,Game Zone Online,http://gamezoneonline.multiply.com/products/listing/10019/Apple_iPod_touch_8GB_Brand_New,http://multiply.com/mu/gamezoneonline/image/oFPwwQdcIMgtWnKhXAolpA/photos/1M/1200x1200/534/touch-1.jpg?et=arDkOgLJ2mr3Hi%2C9PRC1KQ&nmid=0
Nintendo DS Lite Package,Game Zone Online,http://gamezoneonline.multiply.com/products/listing/10014/Nintendo_DS_Lite_Packages_Edge_microSD_11in1_iCore_Kit,http://multiply.com/mu/gamezoneonline/image/3ZWzQMDXOs3d6G9CVaOjEQ/photos/1M/1200x1200/160/DS-Lite-Black.jpg?et=qL8WL3gOALyoa%2BskHhDKoQ&nmid=0
Sony Playstation 3 Slim 320GB,Game Zone Online,http://gamezoneonline.multiply.com/products/listing/10004/Sony_Playstation_3_PS3_Slim_320GB_BlackWhite_Asian,http://multiply.com/mu/gamezoneonline/image/j1VMOWDqRftM0bGmPVR60Q/photos/1M/1200x1200/539/320gb-asian.jpg?et=LKtLG3%2CqoltEPnV8cckeug&nmid=0
Microsoft Xbox 360 Slim 4GB,Game Zone Online,http://gamezoneonline.multiply.com/products/listing/10002/Microsoft_Xbox_360_Slim_Arcade_4GB_Asian_Version,http://multiply.com/mu/gamezoneonline/image/1u5GCHWwrHddFlxl4F0kPg/photos/1M/1200x1200/538/360-slim-arcade.jpg?et=1Y%2C%2BAHyPjE699MkBfsueIA&nmid=0
USB Internet Radio TV Player,One Beverly Shop,http://onebeverlyshop.multiply.com/products/listing/10242/USB_Internet_Radio_TV_Player,http://multiply.com/mu/onebeverlyshop/image/ztVBS1edJxl2HM40qr6IlQ/photos/1M/1200x1200/427/internet-tv.jpg?et=ua4YOK%2CygxAhsTNy%2CAuMIA&nmid=0
Portable DVD with TV FM Tuner,One Beverly Shop,http://onebeverlyshop.multiply.com/products/listing/10230/BEST_BUY_Ultimate_Portable_DVD_with_TV_FM_Tuner_USB_Card_Slot_Game_Options,http://multiply.com/mu/onebeverlyshop/image/kHEb7Mw2TnZGSm2p6Praww/photos/1M/1200x1200/343/1bevdvd7tv.jpg?et=v90HBiLxkFZD%2B%2Cef1ioYQw&nmid=0
"10"" MSI Laptop",One Beverly Shop,http://onebeverlyshop.multiply.com/products/listing/10215/BEST_BUY_BRAND_NEW_10_MSI_LAPTOP_for_P13000_only_Plus_AMAZING_GIFTS_worth_P1000,http://multiply.com/mu/onebeverlyshop/image/VIWY-8X6EvCFeZ5-MPFpPA/photos/1M/1200x1200/369/msi-wind.jpg?et=h22rZj2tvlO22kgAh6Mm%2Cg&nmid=0
"7"" Windows CE Laptop",One Beverly Shop,http://onebeverlyshop.multiply.com/products/listing/10253/BEST_BUY_7_WindowsCE_Laptop_P3750_via_XendLBC,http://multiply.com/mu/onebeverlyshop/image/fV8KsPV7TDFxy6QJBkiWwA/photos/1M/1200x1200/318/1bev7.jpg?et=NZ%2C0867BQvvmGz29VDz8pA&nmid=0
NYX High Definition Grinding Blush,Digital Traincase,http://digitaltraincase.multiply.com/products/listing/10165/NYX_High_Definition_Grinding_Blush_On_Hand,http://multiply.com/mu/digitaltraincase/image/DteuQEJGtGIdaKr+AM600w/photos/1M/1200x1200/7545/HDGB.PNG?et=Ukkoal7psxcnGuuSP9Zsnw&nmid=0
NYX Round Lipsticks,Digital Traincase,http://digitaltraincase.multiply.com/products/listing/10147/NYX_Round_Lipsticks_On_Hand_Price_Lowered,http://multiply.com/mu/digitaltraincase/image/Z7j2mYpGsSSoPqXPg8BhgQ/photos/1M/orig/6908/alecto-2pcs-available-P160ea.jpg?et=GkWC16uxllbpAiIo7wWBFw&nmid=0
NYX Lip Gloss Palette,Digital Traincase,http://digitaltraincase.multiply.com/products/listing/10125/NYX_Lip_Gloss_Palette_On_Hand_SALE,http://multiply.com/mu/digitaltraincase/image/WPxyiOzmqoT0ypgMII7mzg/photos/1M/1200x1200/7529/llp.PNG?et=emD7Ra5nzYAbShtVq2FLlg&nmid=0
"Small 11"" SoS Vintage Satchel",The School of Satchel,http://theschoolofsatchel.multiply.com/products/listing/10004/Small_11_SoS_Vintage_Satchel_All_Colors,http://multiply.com/mu/theschoolofsatchel/image/oY4jarPfwq6-QXXWWMs6LQ/photos/1M/600x600/53/cover-11.jpg?et=OZQhZ0XrH%2CBs0O665CUywg&nmid=0
"Medium 13"" Vintage Satchel",The School of Satchel,http://theschoolofsatchel.multiply.com/products/listing/10005/Medium_13_Vintage_Satchel_All_Colors,http://multiply.com/mu/theschoolofsatchel/image/EnhmWhbeg-pWhlZahCzB9w/photos/1M/600x600/52/cover-13.jpg?et=ekmoYcjP7U9q1QmWBsQ5kQ&nmid=0
"Large 15"" SoS Vintage Satchel",The School of Satchel,http://theschoolofsatchel.multiply.com/products/listing/10003/Large_15_SoS_Vintage_Satchel_All_Colors,http://multiply.com/mu/theschoolofsatchel/image/VhFjsZuZDyfTDi6BgRxOHA/photos/1M/600x600/51/Cover-.jpg?et=yittZsDnWnR7gxNxDYSiZw&nmid=0
Crystal Decorated Low Heels,Candy Blush,http://candyblush.multiply.com/products/listing/10105/Crystal_decorated_low_heels_SML-ZxJDI3x3_JUNE,http://multiply.com/mu/candyblush/image/AbWwAHvcKjD0jsd6FZwJrw/photos/2154M/1200x1200/2221/SML-ZxJDI3x3-P1210-03.JPG?et=pFVz7coKLrxKf84z3zIYjg&nmid=0
Princess Ribbon Small Heels,Candy Blush,http://candyblush.multiply.com/products/listing/10100/Princess_Ribbon_small_heels_SML-CBQZxQX2x3_JUNE,http://multiply.com/mu/candyblush/image/YbqTr00MJhkKP9OzJQtUsw/photos/2154M/1200x1200/2184/SML-CBQZxQX2x3-P1100-01.JPG?et=6bdqhsbMfSgVriw5iSYepQ&nmid=0
Bow Styled Woven Handbag,Candy Blush,http://candyblush.multiply.com/products/listing/10098/Bow_styled_woven_handbag_CBHxXY125_JUNE,http://multiply.com/mu/candyblush/image/79Bz4yNbSf7m8JrOuPGV7g/photos/2103M/1200x1200/2144/CBHxXY125-1540-02.jpg?et=TBfADQzTkFCQ67oJ71z%2CEA&nmid=0
Retro Briefcase Style Bag,Candy Blush,http://candyblush.multiply.com/products/listing/10093/Retro_briefcase_style_bag_CBHxTH332_JUNE,http://multiply.com/mu/candyblush/image/O1S2odL1orHjAUjBKZzqmg/photos/2103M/1200x1200/2139/CBHxTH332-2310-01.jpg?et=k5tBLAxbqG0IDbsE4KpM0g&nmid=0
Buckle Bet Low Heels,Candy Blush,http://candyblush.multiply.com/products/listing/10106/Buckle_belt_low_heels_SML-ZxFYA17_JUNE,http://multiply.com/mu/candyblush/image/Tw8ufnBdo72tmtrUlCEbvw/photos/2154M/1200x1200/2214/SML-ZxFYA17-P1210-01.JPG?et=zo3yzTALOe3DQ1RSRF9tuA&nmid=0
Hair Straightener Flat Iron,Send a Gift,http://sendagift.multiply.com/products/listing/10263/Hair_Straightener_Flat_Iron_Item_002_ON_HAND_SPECIAL_PRICE_OF_15K_10_DISCOUNT_APPLIED_ALREADY,http://multiply.com/mu/sendagift/image/J469K9RRJXwI3h0O9fIGxw/photos/1M/1200x1200/1643/ordinary-flat-iron.JPG?et=zm%2CxCgiZ4UXG%2CPFU42429w&nmid=0
Converse with Red Shoe Lace,Send a Gift,http://sendagift.multiply.com/products/listing/10267/Converse_w_Red_Shoe_Lace_SIZE_6,http://multiply.com/mu/sendagift/image/xWtPrrwFxOLFfaCq+dBi7A/photos/1M/1200x1200/2191/Converse-with-red-shoe-lace.png?et=evc04UyTK1qmfnTZV%2Cf1Mg&nmid=0
High Heels 82,Send a Gift,http://sendagift.multiply.com/products/listing/10129/PRE-ORDER_SHOES_HIGH_HEELS_82,http://multiply.com/mu/sendagift/image/-nzrP6zpe1HzE1P9SA+u7w/photos/1M/1200x1200/1281/175305020-1971741039.310x310.jpg?et=qxn39Z0zVj4iAV2MqS0Ofg&nmid=0
High Heels 80,Send a Gift,http://sendagift.multiply.com/products/listing/10127/PRE-ORDER_SHOES_HIGH_HEELS_80,http://multiply.com/mu/sendagift/image/46lubUzAvVH3bEMhFwXe9w/photos/1M/1200x1200/1279/170882049-1971741039.310x310.jpg?et=XW2waEcRd5V%2Bq2Pz2eDumw&nmid=0
High Heels 76,Send a Gift,http://sendagift.multiply.com/products/listing/10123/PRE-ORDER_SHOES_HIGH_HEELS_76,http://multiply.com/mu/sendagift/image/paClKPTt7QpiyL2hFdaqUg/photos/1M/1200x1200/1275/170881915-1971741039.310x310.jpg?et=oVLARX6Wni8Ixd8ntcGsyw&nmid=0
Cropped Band Jacket,Plethora Shop,http://plethorashop.multiply.com/products/listing/10056/Plethora_Shop-_Cropped_band_Jacket,http://multiply.com/mu/plethorashop/image/EfJxvPNBANlkGO9O1JyXfA/photos/1M/1200x1200/728/DSC-9014.JPG?et=OVCIhw5Y4WUXGiH1OIIIgg&nmid=0
Black Harem Pants,Plethora Shop,http://plethorashop.multiply.com/products/listing/10049/Plethora_Shop-_Black_Harem_Pants,http://multiply.com/mu/plethorashop/image/cTfMw6SLGAxTNtoG2pDTdg/photos/1M/1200x1200/754/DSC-9013.JPG?et=LGy%2B%2CxzBPPWX7l1E8HyeWQ&nmid=0
Brown Watch,Plethora Shop,http://plethorashop.multiply.com/products/listing/10048/Plethora_Shop-_brown_watch,http://multiply.com/mu/plethorashop/image/GK+0oEk8kxOcLTJMNpiLJg/photos/1M/1200x1200/428/DSCI0216.JPG?et=0uGj%2CuIorcUC1%2B1U583Klw&nmid=0
Blue Green Tank Top,Plethora Shop,http://plethorashop.multiply.com/products/listing/10045/Plethora_Shop-_Blue_green_tank_top,http://multiply.com/mu/plethorashop/image/nNRjmBiB522f4WyIpeSQ7w/photos/1M/1200x1200/713/DSC-8924.JPG?et=7fhHsmjR5ifHK81qUIAAEw&nmid=0
Sequined Blouse,Plethora Shop,http://plethorashop.multiply.com/products/listing/10061/sequined_blouse,http://multiply.com/mu/plethorashop/image/a01p8UTyTttuc7bkJ2EzKw/photos/1M/1200x1200/774/DSC-9293.JPG?et=BH4r0AukAFFU5QdMFNPeSg&nmid=0
Sephora Colorista Custom Makeup Palette,House of Flair,http://houseofflair.multiply.com/products/listing/10147/House_of_Flair_-_Sephora_Colorista_Custom_Makeup_Palette,http://multiply.com/mu/houseofflair/image/QcuD6ojF-1ba+Yjqf3x7sw/photos/1M/1200x1200/3156/Picture-1.png?et=uAOx9PLT6Bme%2C9v9RC8ivQ&nmid=0
"Liz Clairborne 17"" Computer Tote Bag",House of Flair,http://houseofflair.multiply.com/products/listing/10144/House_of_Flair_-_Liz_Claiborne_17_Computer_Tote_Bag,http://multiply.com/mu/houseofflair/image/geVeHNI7UwzTa-CNB+LoIA/photos/1M/800x800/3150/819nvwwQtL.-SL1500-.jpg?et=2o4M97pQNbLizeuzdE1t%2BA&nmid=0
Stila Kajal Eyeliner in Pearl,House of Flair,http://houseofflair.multiply.com/products/listing/10148/House_of_Flair_-_Stila_Kajal_Eyeliner_in_Pearl,http://multiply.com/mu/houseofflair/image/hQDxrMEGRgeF8dEYDyepgg/photos/1M/1200x1200/3157/s18201-product-lg.png?et=AZf7oEKxACyrhebIYGKSgA&nmid=0
ELF Day to Night Eye Collection Set,House of Flair,http://houseofflair.multiply.com/products/listing/10143/House_of_Flair_-_ELF_Day_to_Night_Eye_Collection_Set,http://multiply.com/mu/houseofflair/image/m9yDJqG6wUyzB5w3jkxG+w/photos/1M/800x800/3145/e.l.f.-Essentials-Day-To-Night-Collection.jpg?et=KLibL6DXwwSYJ%2BTP%2CtQlyg&nmid=0
Midnight Fantasy By Britney Spears,House of Flair,http://houseofflair.multiply.com/products/listing/10132/House_of_Flair_-_Midnight_Fantasy_By_Britney_Spears_for_Women_Eau_De_Parfum_Spray,http://multiply.com/mu/houseofflair/image/ehIvvjTe1nbsYNaBCjPVgA/photos/1M/1200x1200/3115/41Fp0H08KOL.-AA300-.jpg?et=NpFcKmgyzP4%2CPIKflqIr1g&nmid=0
Agenda RIP 11 Infinity Wrap,1StopBiz,http://1stopbiz.multiply.com/products/listing/10393/Agenda_RIP_11_Infinity_Wrap,http://multiply.com/mu/1stopbiz/image/ggoZd2+fMd3HAsy5J3t9Rg/photos/1M/1200x1200/19235/106.jpg?et=sa1fXQ4ZLu%2B9nNhPWYx6dQ&nmid=0
Agenday EVE 04 Tunic Top,1StopBiz,http://1stopbiz.multiply.com/products/listing/10391/Agenda_EVE_04_Tunic_Top,http://multiply.com/mu/1stopbiz/image/x6wS88TlfA1Ngkllyue6PA/photos/1M/1200x1200/19233/EVE-04a.gif?et=KoW%2CbyMwEEi%2CPLLwUq7npw&nmid=0
DEI Janna XXL,1StopBiz,http://1stopbiz.multiply.com/products/listing/10389/D.E.I._Janna_XXL_Nice_Price,http://multiply.com/mu/1stopbiz/image/XZys8T0NyWA2wGicdPofDg/photos/1M/1200x1200/16271/Janna.jpg?et=sJLdOuAGFvQkn37PEHHspw&nmid=0
Fuel HAD 14 Cargo Pants,1StopBiz,http://1stopbiz.multiply.com/products/listing/10390/Fuel_HAD_14_Cargo_Pants,http://multiply.com/mu/1stopbiz/image/LZcic5ap4jXRdwR-e7IbEA/photos/1M/1200x1200/19231/HAD-14b.gif?et=E%2BiaVx9LbjaTIRFL2z47KQ&nmid=0
DEI Jaizel XXL,1StopBiz,http://1stopbiz.multiply.com/products/listing/10381/D.E.I._Jaizel_XXL_NEW,http://multiply.com/mu/1stopbiz/image/fBWgxijSMZqzgSJi0DigVQ/photos/1M/1200x1200/19228/Jaizel.jpg?et=CMKmV%2BiJefwwsoqK3bLx7g&nmid=0
Technomarine Cruise Original,iloveporkie,http://iloveporkie.multiply.com/products/listing/10103/TECHNOMARINE_110046_CRUISE_ORIGINAL_ORIGINAL_CHRONO_MEDIUM_WHITE_WATCH,http://multiply.com/mu/iloveporkie/image/rqrx8lTicUgliAyAtNV4dw/photos/1M/1200x1200/10909/110046-1.jpg?et=WraVfbt8oLTsNyOCnxSF5g&nmid=0
Philip Stein FSMOP ,iloveporkie,http://iloveporkie.multiply.com/products/listing/10100/PHILIP_STEIN_1-F-FSMOP_SIGNATURE_SMALL_MOTHER_OF_PEARL_DIAL_WATCH_W_BLACK_CALF_STRAP_1-F-FSMOP-CB,http://multiply.com/mu/iloveporkie/image/aDxZQqRC7alkvWV9aeXn-g/photos/1M/1200x1200/8965/1-F-FSMOP-CB-1.jpg?et=l8INY3H9h0viYCRZ6FBTrw&nmid=0
Technomarine Cruise Original Star 3,iloveporkie,http://iloveporkie.multiply.com/products/listing/10095/TECHNOMARINE_110037_CRUISE_ORIGINAL_STAR_3_HAND_MINI_BLACK_ROSE_GOLD_WATCH,http://multiply.com/mu/iloveporkie/image/G6kr91eZmVC7vv5YDssp4A/photos/1M/1200x1200/8806/110037-1.jpg?et=UxgVpYKVxODGTY%2CQCc2D9Q&nmid=0
Technomarine Cruise Original Ceramic,iloveporkie,http://iloveporkie.multiply.com/products/listing/10106/TECHNOMARINE_110028_CRUISE_CERAMIC_CERAMIC_CHRONO_MEDIUM_BLACK_WATCH,http://multiply.com/mu/iloveporkie/image/K2sfFRWGISb1822AJG01Iw/photos/1M/1200x1200/10958/110028-1.jpg?et=7k2TbbCGmBI6zWN%2CUp12qA&nmid=0
Philip Stein Fruitz Classic Watermelon,iloveporkie,http://iloveporkie.multiply.com/products/listing/10013/PHILIP_STEIN_FRUITZ_CLASSIC_WATERMELON_SMALL_GREEN_RED_WATCH,http://multiply.com/mu/iloveporkie/image/Fipr4nMNJ-lANREKOyPaMA/photos/1M/1200x1200/8887/WATERMELON-1.jpg?et=12LYolcft%2CKJCtBxsTxSRw&nmid=0
Philip Stein Fruitz Classic Date,iloveporkie,http://iloveporkie.multiply.com/products/listing/10005/PHILIP_STEIN_FRUITZ_CLASSIC_DATE_SMALL_BROWN_GOLD_WATCH,http://multiply.com/mu/iloveporkie/image/1qjuOafVQaYWOv6rWePO9A/photos/1M/1200x1200/8839/DATE-1.jpg?et=3OgTUmAAweBVAtgvwQnJAQ&nmid=0
Technomarine Cruise Original Beach 3,iloveporkie,http://iloveporkie.multiply.com/products/listing/10051/TECHNOMARINE_110057_CRUISE_ORIGINAL_BEACH_3_HAND_MEDIUM_WHITE_SKY_BLUE_WATCH,http://multiply.com/mu/iloveporkie/image/Xsld9OX8ASvyMkxutXvUqw/photos/1M/1200x1200/8457/110057-1.jpg?et=QbAQJ7CVMzaoyVJ0jwselQ&nmid=0
Philip Stein FSMOP ZSA,iloveporkie,http://iloveporkie.multiply.com/products/listing/10043/PHILIP_STEIN_1-F-FSMOP-ZSA,http://multiply.com/mu/iloveporkie/image/2h-gLCRqz3Uo8Uht12wMsA/photos/1M/1200x1200/8187/1-F-FSMOP-ZSA.jpg?et=6yWOzxhId%2BbAw%2CEMXr1MEA&nmid=0
Philip Stein Signature Small Purple Allicator,iloveporkie,http://iloveporkie.multiply.com/products/listing/10027/PHILIP_STEIN_SIGNATURE_SMALL_PURPLE_ALLIGATOR_1-F-FSMOP-APRS,http://multiply.com/mu/iloveporkie/image/+Bz-eWmCp195Xxjxqk7Ggw/photos/1M/1200x1200/7967/1-F-FSMOP-APRS-1.jpg?et=yAhPGraORc%2CSkAltpDdW1A&nmid=0
Philip Stein Fruitz Happy Hour Margarita,iloveporkie,http://iloveporkie.multiply.com/products/listing/10021/PHILIP_STEIN_FRUITZ_HAPPY_HOUR_MARGARITA_LARGE_YELLOW_WATCH,http://multiply.com/mu/iloveporkie/image/9tqbgCVFZ1C8jdhfw4-XHQ/photos/1M/1200x1200/8929/MARGARITA-1.jpg?et=CsO37XU6pdrB9sIpRICOjA&nmid=0